{"name":"6e07343c-9e06-4f1d-b23d-ec058799b4ee","id":"/providers/Microsoft.Flow/flows/6e07343c-9e06-4f1d-b23d-ec058799b4ee","type":"Microsoft.Flow/flows","properties":{"apiId":"/providers/Microsoft.PowerApps/apis/shared_logicflows","displayName":"CancelLeaveFlowLive","definition":{"metadata":{"workflowEntityId":null,"processAdvisorMetadata":null,"flowChargedByPaygo":null,"migrationSourceId":"/subscriptions/3df34096-c8e0-43e1-ba99-0a8bebb69439/resourceGroups/fbb6f8eb62334b2e9ac3bcad8d47ffda-defaultfbb6f8eb62334b2e9ac3bcad8d47ffda-env/providers/Microsoft.Logic/workflows/6e07343c-9e06-4f1d-b23d-ec058799b4ee-azshadow","flowclientsuspensionreason":"None","flowclientsuspensiontime":null,"flowclientsuspensionreasondetails":null,"creator":{"id":"bf668f67-af79-49f0-bed7-6a95d75d788b","type":"User","tenantId":"fbb6f8eb-6233-4b2e-9ac3-bcad8d47ffda"},"provisioningMethod":"FromDefinition","failureAlertSubscription":true,"clientLastModifiedTime":"2025-05-19T10:51:40.7454166Z","connectionKeySavedTimeKey":"2025-09-13T12:00:01.4850627Z","creationSource":null},"$schema":"https://schema.management.azure.com/providers/Microsoft.Logic/schemas/2016-06-01/workflowdefinition.json#","contentVersion":"1.0.0.0","parameters":{"$connections":{"defaultValue":{},"type":"Object"},"$authentication":{"defaultValue":{},"type":"SecureObject"}},"triggers":{"manual":{"metadata":{"operationMetadataId":"eb66aebb-d676-4d31-a543-8c97907fb9a8"},"type":"Request","kind":"PowerAppV2","inputs":{"schema":{"type":"object","properties":{"text":{"title":"ListItemID","type":"string","x-ms-dynamically-added":true,"description":"Please enter your input","x-ms-content-hint":"TEXT"}},"required":["text"]}}}},"actions":{"Get_items":{"runAfter":{},"metadata":{"operationMetadataId":"91d0d676-7a10-4276-b4e3-d4f77aba2459"},"type":"OpenApiConnection","inputs":{"host":{"apiId":"/providers/Microsoft.PowerApps/apis/shared_sharepointonline","connectionName":"shared_sharepointonline","operationId":"GetItems"},"parameters":{"dataset":"https://induslaw2.sharepoint.com/sites/LMS","table":"6d63afec-e335-4594-8b9e-21a046a33a25","folderPath":"/Lists/LeaveAppliedByEmployees","viewScopeOption":"Default","$filter":"ID eq '@{triggerBody()['text']}'"},"authentication":{"value":"@json(decodeBase64(triggerOutputs().headers['X-MS-APIM-Tokens']))['$ConnectionKey']","type":"Raw"}}},"Apply_to_each":{"foreach":"@outputs('Get_items')?['body/value']","actions":{"Send_an_email_(V2)":{"runAfter":{},"metadata":{"operationMetadataId":"7583c272-8c6e-4229-9d9b-be3af65bf25a"},"type":"OpenApiConnection","inputs":{"host":{"apiId":"/providers/Microsoft.PowerApps/apis/shared_office365","connectionName":"shared_office365","operationId":"SendEmailV2"},"parameters":{"emailMessage/To":"@items('Apply_to_each')?['RequestedBy/Email']","emailMessage/Subject":"Your leave has been cancelled.","emailMessage/Body":"<p>Hi @{items('Apply_to_each')?['RequestedBy/DisplayName']},<br>\n<br>\nyour following leave has been cancelled:<br>\n<br>\nLeave Type: @{items('Apply_to_each')?['LeaveType']}<br>\nStart Date: &nbsp;@{items('Apply_to_each')?['FromDate']}<br>\nEnd Date: &nbsp;&nbsp;@{items('Apply_to_each')?['ToDays']}<br>\nTotal Days: @{items('Apply_to_each')?['TotalDays']}.<br>\n</p>","emailMessage/From":"@items('Apply_to_each')?['RequestedBy/Email']","emailMessage/Importance":"Normal"},"authentication":{"value":"@json(decodeBase64(triggerOutputs().headers['X-MS-APIM-Tokens']))['$ConnectionKey']","type":"Raw"}}},"Update_item":{"runAfter":{"Send_an_email_(V2)":["Succeeded"]},"metadata":{"operationMetadataId":"287598a4-7eab-4608-b35a-476d1f776e16"},"type":"OpenApiConnection","inputs":{"host":{"apiId":"/providers/Microsoft.PowerApps/apis/shared_sharepointonline","connectionName":"shared_sharepointonline_1","operationId":"PatchItem"},"parameters":{"dataset":"https://induslaw2.sharepoint.com/sites/LMS","table":"6d63afec-e335-4594-8b9e-21a046a33a25","id":"@items('Apply_to_each')?['ID']","item/LeaveStatus/Value":"Cancelled","item/Manager1Response/Value":"Cancelled","item/Manager2Response/Value":"Cancelled","item/LeaveDescription":"@items('Apply_to_each')?['LeaveDescription']","item/CancelLeaveDescription":"@items('Apply_to_each')?['CancelLeaveDescription']"},"authentication":{"value":"@json(decodeBase64(triggerOutputs().headers['X-MS-APIM-Tokens']))['$ConnectionKey']","type":"Raw"}}}},"runAfter":{"Get_items":["Succeeded"]},"metadata":{"operationMetadataId":"38a6cfea-98f0-4dd3-b8e6-ea90bbf8adae"},"type":"Foreach"},"Apply_to_each_2":{"foreach":"@outputs('Get_items')?['body/value']","actions":{"Send_an_email_(V2)_2":{"runAfter":{},"metadata":{"operationMetadataId":"e8deca9a-d8d3-425f-a53f-b44baa21136f"},"type":"OpenApiConnection","inputs":{"host":{"apiId":"/providers/Microsoft.PowerApps/apis/shared_office365","connectionName":"shared_office365","operationId":"SendEmailV2"},"parameters":{"emailMessage/To":"@items('Apply_to_each_2')?['ReportingManager_1/Email']","emailMessage/Subject":"@{items('Apply_to_each_2')?['RequestedBy/DisplayName']} has cancelled their leave.","emailMessage/Body":"<p>Hi @{items('Apply_to_each_2')?['ReportingManager_1/DisplayName']}<br>\n<br>\n@{items('Apply_to_each_2')?['RequestedBy/DisplayName']} has cancelled their following leave:<br>\n<br>\nLeave Type: @{items('Apply_to_each_2')?['LeaveType']}<br>\nStart Date: &nbsp;@{items('Apply_to_each_2')?['FromDate']}<br>\nEnd Date: &nbsp;&nbsp;@{items('Apply_to_each_2')?['ToDays']}<br>\nTotal Days: @{items('Apply_to_each_2')?['TotalDays']}.</p>","emailMessage/From":"@items('Apply_to_each_2')?['RequestedBy/Email']","emailMessage/Importance":"Normal"},"authentication":{"value":"@json(decodeBase64(triggerOutputs().headers['X-MS-APIM-Tokens']))['$ConnectionKey']","type":"Raw"}}}},"runAfter":{"Get_items":["Succeeded"]},"metadata":{"operationMetadataId":"a489905a-a993-4bc0-acbf-3bddf3e3304f"},"type":"Foreach"},"Apply_to_each_3":{"foreach":"@outputs('Get_items')?['body/value']","actions":{"Condition":{"actions":{},"runAfter":{},"else":{"actions":{"Send_an_email_(V2)_4":{"runAfter":{},"metadata":{"operationMetadataId":"8f77f1b2-c627-473d-a6f1-87900bdf26f5"},"type":"OpenApiConnection","inputs":{"host":{"apiId":"/providers/Microsoft.PowerApps/apis/shared_office365","connectionName":"shared_office365","operationId":"SendEmailV2"},"parameters":{"emailMessage/To":"@items('Apply_to_each_3')?['ReportingManager_2/Email']","emailMessage/Subject":"@{items('Apply_to_each_3')?['RequestedBy/DisplayName']}  has cancelled their leave.","emailMessage/Body":"<p>Hi @{items('Apply_to_each_3')?['ReportingManager_2/DisplayName']}<br>\n<br>\n@{items('Apply_to_each_3')?['RequestedBy/DisplayName']} has cancelled their following leave:<br>\n<br>\nLeave Type: @{items('Apply_to_each_3')?['LeaveType']}<br>\nStart Date: &nbsp;@{items('Apply_to_each_3')?['FromDate']}<br>\nEnd Date: &nbsp;&nbsp;@{items('Apply_to_each_3')?['ToDays']}<br>\nTotal Days: @{items('Apply_to_each_3')?['TotalDays']}.</p>","emailMessage/From":"@items('Apply_to_each_3')?['RequestedBy/Email']","emailMessage/Importance":"Normal"},"authentication":{"value":"@json(decodeBase64(triggerOutputs().headers['X-MS-APIM-Tokens']))['$ConnectionKey']","type":"Raw"}}}}},"expression":{"equals":["@items('Apply_to_each_3')?['ReportingManager_2/Email']","@null"]},"metadata":{"operationMetadataId":"0cf99960-4d88-4b8a-95dc-f579fed2dd56"},"type":"If"}},"runAfter":{"Get_items":["Succeeded"]},"metadata":{"operationMetadataId":"feef70ff-5807-4050-a3ac-013af5fd8b74"},"type":"Foreach"}}},"connectionReferences":{"shared_sharepointonline":{"connectionName":"shared-sharepointonl-79ea599c-7fbe-4b65-b79d-74845a45d5c8","source":"Invoker","id":"/providers/Microsoft.PowerApps/apis/shared_sharepointonline","tier":"NotSpecified","apiName":"sharepointonline","isProcessSimpleApiReferenceConversionAlreadyDone":false},"shared_office365":{"connectionName":"shared-office365-b42bac93-8f7a-4c1a-a070-0eecb7e24142","source":"Invoker","id":"/providers/Microsoft.PowerApps/apis/shared_office365","tier":"NotSpecified","apiName":"office365","isProcessSimpleApiReferenceConversionAlreadyDone":false},"shared_sharepointonline_1":{"connectionName":"shared-sharepointonl-79ea599c-7fbe-4b65-b79d-74845a45d5c8","source":"Invoker","id":"/providers/Microsoft.PowerApps/apis/shared_sharepointonline","tier":"NotSpecified","apiName":"sharepointonline","isProcessSimpleApiReferenceConversionAlreadyDone":false}},"flowFailureAlertSubscribed":false,"isManaged":false}}