{"name":"c60280b7-bcc6-40b7-9471-4087e6c3387a","id":"/providers/Microsoft.Flow/flows/c60280b7-bcc6-40b7-9471-4087e6c3387a","type":"Microsoft.Flow/flows","properties":{"apiId":"/providers/Microsoft.PowerApps/apis/shared_logicflows","displayName":"LMS_Reminer_Flow","definition":{"metadata":{"defaultDataverseMetadataHeader":null,"workflowEntityId":null,"processAdvisorMetadata":null,"flowChargedByPaygo":null,"flowclientsuspensionreason":"None","flowclientsuspensiontime":null,"flowclientsuspensionreasondetails":null,"creator":{"id":"bf668f67-af79-49f0-bed7-6a95d75d788b","type":"User","tenantId":"fbb6f8eb-6233-4b2e-9ac3-bcad8d47ffda"},"provisioningMethod":"FromDefinition","failureAlertSubscription":true,"clientLastModifiedTime":"2025-09-30T11:50:10.9511568Z","connectionKeySavedTimeKey":"2025-09-30T11:50:10.9511568Z","creationSource":null},"$schema":"https://schema.management.azure.com/providers/Microsoft.Logic/schemas/2016-06-01/workflowdefinition.json#","contentVersion":"1.0.0.0","parameters":{"$connections":{"defaultValue":{},"type":"Object"},"$authentication":{"defaultValue":{},"type":"SecureObject"}},"triggers":{"When_an_item_or_a_file_is_modified":{"recurrence":{"frequency":"Minute","interval":5},"splitOn":"@triggerOutputs()?['body/value']","metadata":{"operationMetadataId":"cfa2e790-5b32-4712-a71a-4382ab340478"},"type":"OpenApiConnection","inputs":{"host":{"apiId":"/providers/Microsoft.PowerApps/apis/shared_sharepointonline","connectionName":"shared_sharepointonline","operationId":"GetOnChangedItems"},"parameters":{"dataset":"https://induslaw2.sharepoint.com/sites/LMS","table":"6d63afec-e335-4594-8b9e-21a046a33a25"},"authentication":"@parameters('$authentication')"}}},"actions":{"Manager1Reminder":{"runAfter":{"Delay_3":["Succeeded"]},"metadata":{"operationMetadataId":"373fca42-2339-4b0e-916e-edde803933ea"},"type":"InitializeVariable","inputs":{"variables":[{"name":"Manager1Reminder","type":"boolean"}]}},"Condition":{"actions":{"Switch":{"runAfter":{},"cases":{"Case":{"case":"Stage1","actions":{"Approval_Link_Stage1":{"runAfter":{},"metadata":{"operationMetadataId":"8a4e7db3-fb62-4eae-a522-9dbeef5b672f"},"type":"SetVariable","inputs":{"name":"PendingApprovalHyperlinks","value":"<a href=\"https://make.powerautomate.com/environments/Default-fbb6f8eb-6233-4b2e-9ac3-bcad8d47ffda/approvals/received/@{triggerOutputs()?['body/ApprovalID']}\"> view my pending approvals </a>"}},"Do_until":{"actions":{"Delay":{"runAfter":{},"metadata":{"operationMetadataId":"23f1fde1-128b-4c11-8838-c50b16cb6578"},"type":"Wait","inputs":{"interval":{"count":1,"unit":"Day"}}},"Get_a_row_by_ID":{"runAfter":{"Delay":["Succeeded"]},"metadata":{"operationMetadataId":"56b72577-465d-4929-9bc0-2a4e20a24699"},"type":"OpenApiConnection","inputs":{"host":{"apiId":"/providers/Microsoft.PowerApps/apis/shared_commondataserviceforapps","connectionName":"shared_commondataserviceforapps","operationId":"GetItem"},"parameters":{"entityName":"msdyn_flow_approvals","recordId":"@triggerOutputs()?['body/ApprovalID']"},"authentication":"@parameters('$authentication')"}},"Condition_4":{"actions":{},"runAfter":{"Get_a_row_by_ID":["Succeeded"]},"else":{"actions":{"Send_an_email_(V2)_4":{"runAfter":{},"metadata":{"operationMetadataId":"181d100b-fa9c-4e98-9419-b152d172978d"},"type":"OpenApiConnection","inputs":{"host":{"apiId":"/providers/Microsoft.PowerApps/apis/shared_office365","connectionName":"shared_office365","operationId":"SendEmailV2"},"parameters":{"emailMessage/To":"testing1@induslaw.com","emailMessage/Subject":"Reminder: Leave waiting for your action","emailMessage/Body":"<p>Dear @{triggerOutputs()?['body/ReportingManager_1/DisplayName']},<br>\n<br>\nThis is a kind reminder to review and take action on the pending leave request from @{triggerOutputs()?['body/RequestedBy/DisplayName']}.<br>\n<br>\nDetails of the Leave Request:<br>\n<br>\n• Leave Type: @{triggerOutputs()?['body/LeaveType']}<br>\n• Start Date: &nbsp;&nbsp;@{outputs('FromDateNew')}<br>\n• End Date: &nbsp;&nbsp;&nbsp;@{outputs('ToDateNew')}<br>\n• Total Days: &nbsp;@{triggerOutputs()?['body/TotalDays']}<br>\n<br>\nYou can approve or deny this request using the link provided below.<br>\n<br>\n@{variables('PendingApprovalHyperlinks')}<br>\n<br>\n<br>\nRegards,<br>\nLeave Management System</p>","emailMessage/From":"leave.management@induslaw.com","emailMessage/Importance":"Normal"},"authentication":"@parameters('$authentication')"}}}},"expression":{"not":{"equals":["@outputs('Get_a_row_by_ID')?['body/msdyn_flow_approval_result']","@null"]}},"metadata":{"operationMetadataId":"05b5be42-c3e8-4652-abe1-1d1bf10d4679"},"type":"If"}},"runAfter":{"Approval_Link_Stage1":["Succeeded"]},"expression":"@not(equals(outputs('Get_a_row_by_ID')?['body/msdyn_flow_approval_result'], null))","limit":{"count":30,"timeout":"P1M"},"metadata":{"operationMetadataId":"2b320666-e818-463d-abcb-73e478731b0d"},"type":"Until"},"Wait_for_an_approval_2":{"runAfter":{"Approval_Link_Stage1":["Succeeded"]},"metadata":{"operationMetadataId":"073cc2a5-34dc-41d9-b1fd-3a76fd1ff658"},"type":"OpenApiConnectionWebhook","inputs":{"host":{"apiId":"/providers/Microsoft.PowerApps/apis/shared_approvals","connectionName":"shared_approvals","operationId":"WaitForAnApproval"},"parameters":{"approvalName":"@triggerOutputs()?['body/ApprovalID']"},"authentication":"@parameters('$authentication')"}},"Terminate":{"runAfter":{"Do_until":["Succeeded"]},"metadata":{"operationMetadataId":"7e8f2bc7-eff9-44af-b0d9-951d356d8239"},"type":"Terminate","inputs":{"runStatus":"Succeeded"}}}},"Case_2":{"case":"Stage2","actions":{"Approval_Link_Stage2":{"runAfter":{},"metadata":{"operationMetadataId":"58adf9d3-fa8b-4a9a-9d77-97dace71ed3d"},"type":"SetVariable","inputs":{"name":"PendingApprovalHyperlinks","value":"<a href=\"https://make.powerautomate.com/environments/Default-fbb6f8eb-6233-4b2e-9ac3-bcad8d47ffda/approvals/received/@{triggerOutputs()?['body/ApprovalID']}\"> view my pending approvals </a>"}},"Wait_for_an_approval":{"runAfter":{"Approval_Link_Stage2":["Succeeded"]},"metadata":{"operationMetadataId":"4374af36-2375-4e5f-9276-ed55a529a9e5"},"type":"OpenApiConnectionWebhook","inputs":{"host":{"apiId":"/providers/Microsoft.PowerApps/apis/shared_approvals","connectionName":"shared_approvals","operationId":"WaitForAnApproval"},"parameters":{"approvalName":"@triggerOutputs()?['body/ApprovalID']"},"authentication":"@parameters('$authentication')"}},"Do_until_2":{"actions":{"Delay_2":{"runAfter":{},"metadata":{"operationMetadataId":"e96c21b8-e596-4075-8992-b4af624fb3c9"},"type":"Wait","inputs":{"interval":{"count":1,"unit":"Day"}}},"Get_a_row_by_ID_2":{"runAfter":{"Delay_2":["Succeeded"]},"metadata":{"operationMetadataId":"c1e0b1bb-6c6c-4661-89a0-d92ba05fc992"},"type":"OpenApiConnection","inputs":{"host":{"apiId":"/providers/Microsoft.PowerApps/apis/shared_commondataserviceforapps","connectionName":"shared_commondataserviceforapps","operationId":"GetItem"},"parameters":{"entityName":"msdyn_flow_approvals","recordId":"@triggerOutputs()?['body/ApprovalID']"},"authentication":"@parameters('$authentication')"}},"Condition_5":{"actions":{},"runAfter":{"Get_a_row_by_ID_2":["Succeeded"]},"else":{"actions":{"Send_an_email_(V2)":{"runAfter":{},"metadata":{"operationMetadataId":"f7a9a865-f5a8-4651-808d-21b072081227"},"type":"OpenApiConnection","inputs":{"host":{"apiId":"/providers/Microsoft.PowerApps/apis/shared_office365","connectionName":"shared_office365_2","operationId":"SendEmailV2"},"parameters":{"emailMessage/To":"testing2@induslaw.com","emailMessage/Subject":"Reminder: Leave waiting for your action","emailMessage/Body":"<p>Dear @{triggerOutputs()?['body/ReportingManager_2/DisplayName']},<br>\n<br>\nThis is a kind reminder to review and take action on the pending leave request from @{triggerOutputs()?['body/RequestedBy/DisplayName']}.<br>\n<br>\nDetails of the Leave Request:<br>\n<br>\n• Leave Type: @{triggerOutputs()?['body/LeaveType']}<br>\n• Start Date: &nbsp;&nbsp;@{outputs('FromDateNew')}<br>\n• End Date: &nbsp;&nbsp;&nbsp;@{outputs('ToDateNew')}<br>\n• Total Days: &nbsp;@{triggerOutputs()?['body/TotalDays']}<br>\n<br>\nYou can approve or deny this request using the link provided below.<br>\n<br>\n@{variables('PendingApprovalHyperlinks')}<br>\n<br>\n<br>\nRegards,<br>\nLeave Management System</p>","emailMessage/From":"leave.managemen@cms-induslaw.com","emailMessage/Importance":"Normal"},"authentication":"@parameters('$authentication')"}}}},"expression":{"not":{"equals":["@outputs('Get_a_row_by_ID_2')?['body/msdyn_flow_approval_result']","@null"]}},"metadata":{"operationMetadataId":"c4f0ee91-773b-4f36-9694-2117d07389c6"},"type":"If"}},"runAfter":{"Approval_Link_Stage2":["Succeeded"]},"expression":"@not(equals(outputs('Get_a_row_by_ID_2')?['body/msdyn_flow_approval_result'], null))","limit":{"count":30,"timeout":"P1M"},"metadata":{"operationMetadataId":"c471a87b-5ba8-4d58-b09c-21841276f1d8"},"type":"Until"},"Terminate_2":{"runAfter":{"Do_until_2":["Succeeded"]},"metadata":{"operationMetadataId":"b3911184-60cd-496f-a7fc-fa463898f817"},"type":"Terminate","inputs":{"runStatus":"Succeeded"}}}}},"default":{"actions":{}},"expression":"@triggerOutputs()?['body/LeaveStage/Value']","metadata":{"operationMetadataId":"adc82e64-ab26-4826-9023-3bf5927cc74c"},"type":"Switch"}},"runAfter":{"TodateNew":["Succeeded"]},"expression":{"equals":["@triggerOutputs()?['body/LeaveStatus/Value']","Pending"]},"metadata":{"operationMetadataId":"9d1c49c9-806e-4229-87b3-64b15cf2ba21"},"type":"If"},"varApprovalLink":{"runAfter":{"Manager2Reminder":["Succeeded"]},"metadata":{"operationMetadataId":"d1ecffac-f067-4c10-9011-adb3ca0c2689"},"type":"InitializeVariable","inputs":{"variables":[{"name":"PendingApprovalHyperlinks","type":"string","value":"<a href=\"https://make.powerautomate.com/environments/Default-fbb6f8eb-6233-4b2e-9ac3-bcad8d47ffda/approvals/received\"> view my pending approvals </a>"}]}},"Manager2Reminder":{"runAfter":{"Manager1Reminder":["Succeeded"]},"metadata":{"operationMetadataId":"68773152-8566-4769-88f7-7d9200c82ecc"},"type":"InitializeVariable","inputs":{"variables":[{"name":"Manager2Reminder","type":"boolean"}]}},"FromDateNew":{"runAfter":{"varApprovalLink":["Succeeded"]},"metadata":{"operationMetadataId":"f9d46e84-ee81-4843-a397-22af567ca4f2"},"type":"Compose","inputs":"@formatDateTime(triggerOutputs()?['body/FromDate'], 'dd/MM/yyyy')"},"TodateNew":{"runAfter":{"FromDateNew":["Succeeded"]},"metadata":{"operationMetadataId":"e23c3d4c-74a7-4fa8-b68d-3c20116b87a1"},"type":"Compose","inputs":"@formatDateTime(triggerOutputs()?['body/ToDays'], 'dd/MM/yyyy')"},"Delay_3":{"runAfter":{},"metadata":{"operationMetadataId":"c45e8459-5288-48fd-9748-b2bc2cee56d9"},"type":"Wait","inputs":{"interval":{"count":1,"unit":"Minute"}}}}},"connectionReferences":{"shared_commondataserviceforapps":{"connectionName":"shared-commondataser-64a18a9b-4ad8-4834-b8a3-c16409044007","source":"Embedded","id":"/providers/Microsoft.PowerApps/apis/shared_commondataserviceforapps","tier":"NotSpecified","apiName":"commondataserviceforapps","isProcessSimpleApiReferenceConversionAlreadyDone":false},"shared_office365":{"connectionName":"shared-office365-b42bac93-8f7a-4c1a-a070-0eecb7e24142","source":"Embedded","id":"/providers/Microsoft.PowerApps/apis/shared_office365","tier":"NotSpecified","apiName":"office365","isProcessSimpleApiReferenceConversionAlreadyDone":false},"shared_approvals":{"connectionName":"shared-approvals-88d1f7e1-448f-4e2a-a1ca-7389ecf7412e","source":"Embedded","id":"/providers/Microsoft.PowerApps/apis/shared_approvals","tier":"NotSpecified","apiName":"approvals","isProcessSimpleApiReferenceConversionAlreadyDone":false},"shared_office365_2":{"connectionName":"shared-office365-f84e273d-fea7-4a3d-a776-7c1e1bd20600","source":"Embedded","id":"/providers/Microsoft.PowerApps/apis/shared_office365","tier":"NotSpecified","apiName":"office365","isProcessSimpleApiReferenceConversionAlreadyDone":false},"shared_sharepointonline":{"connectionName":"shared-sharepointonl-93bc38e9-e6cc-45bb-841c-3c3672fd76b1","source":"Embedded","id":"/providers/Microsoft.PowerApps/apis/shared_sharepointonline","tier":"NotSpecified","apiName":"sharepointonline","isProcessSimpleApiReferenceConversionAlreadyDone":false}},"flowFailureAlertSubscribed":false,"isManaged":false}}