{"name":"ad0ba544-4d79-475b-9eff-4b5a464d38ef","id":"/providers/Microsoft.Flow/flows/ad0ba544-4d79-475b-9eff-4b5a464d38ef","type":"Microsoft.Flow/flows","properties":{"apiId":"/providers/Microsoft.PowerApps/apis/shared_logicflows","displayName":"BirthdayFlowLive","definition":{"metadata":{"workflowEntityId":null,"processAdvisorMetadata":null,"flowChargedByPaygo":null,"migrationSourceId":"/subscriptions/3df34096-c8e0-43e1-ba99-0a8bebb69439/resourceGroups/fbb6f8eb62334b2e9ac3bcad8d47ffda-defaultfbb6f8eb62334b2e9ac3bcad8d47ffda-env/providers/Microsoft.Logic/workflows/ad0ba544-4d79-475b-9eff-4b5a464d38ef-azshadow","flowclientsuspensionreason":"None","flowclientsuspensiontime":null,"flowclientsuspensionreasondetails":null,"creator":{"id":"bf668f67-af79-49f0-bed7-6a95d75d788b","type":"User","tenantId":"fbb6f8eb-6233-4b2e-9ac3-bcad8d47ffda"},"provisioningMethod":"FromDefinition","failureAlertSubscription":true,"clientLastModifiedTime":"2025-09-15T07:53:12.0357027Z","clientCreatedTime":"2025-05-08T20:03:55.2887135Z","connectionKeySavedTimeKey":"2025-09-15T07:53:12.0357027Z","creationSource":null,"modifiedSources":"Portal"},"$schema":"https://schema.management.azure.com/providers/Microsoft.Logic/schemas/2016-06-01/workflowdefinition.json#","contentVersion":"1.0.0.0","parameters":{"$connections":{"defaultValue":{},"type":"Object"},"$authentication":{"defaultValue":{},"type":"SecureObject"}},"triggers":{"Recurrence":{"recurrence":{"frequency":"Day","interval":1,"timeZone":"India Standard Time","startTime":"2025-02-21T01:30:00.000Z"},"metadata":{"operationMetadataId":"22f93e5e-de6f-4f26-b899-6a49e9105f67"},"type":"Recurrence"}},"actions":{"Get_items":{"runAfter":{},"metadata":{"operationMetadataId":"94ac6b4e-86b9-4d48-a87d-ad6adb05969b"},"type":"OpenApiConnection","inputs":{"host":{"apiId":"/providers/Microsoft.PowerApps/apis/shared_sharepointonline","connectionName":"shared_sharepointonline","operationId":"GetItems"},"parameters":{"dataset":"https://induslaw2.sharepoint.com/sites/LMS","table":"3a1bbcd9-4f06-4a15-b01c-c8fd95b914a4"},"authentication":"@parameters('$authentication')"},"runtimeConfiguration":{"paginationPolicy":{"minimumItemCount":1000}}},"Apply_to_each":{"foreach":"@outputs('Get_items')?['body/value']","actions":{"Compose":{"runAfter":{},"metadata":{"operationMetadataId":"dd068df9-f7c6-4ec1-8316-1f2111013cb0"},"type":"Compose","inputs":"@formatDateTime(utcNow(),'MM-dd')"},"Condition":{"actions":{"Send_an_email_(V2)":{"runAfter":{},"metadata":{"operationMetadataId":"b794c81d-d107-4a85-bd6a-d5099d93b401"},"type":"OpenApiConnection","inputs":{"host":{"apiId":"/providers/Microsoft.PowerApps/apis/shared_office365","connectionName":"shared_office365","operationId":"SendEmailV2"},"parameters":{"emailMessage/To":"@items('Apply_to_each')?['Emp_Name/Email']","emailMessage/Subject":"Happy Birthday! @{items('Apply_to_each')?['Emp_Name/DisplayName']}","emailMessage/Body":"<p><span style=\"font-family: georgia\"><br>\n</span><span style=\"font-size: 18px\">Hi</span><span style=\"font-size: 18px\"><strong> </strong></span><span style=\"font-size: 18px\"><strong>@{items('Apply_to_each')?['Emp_Name/DisplayName']}</strong></span><span style=\"font-size: 18px\"><strong>,</strong></span><span style=\"font-family: arial\"><br>\n<br>\n</span><span style=\"font-size: 16px\">Happy Birthday !!!<br>\n<br>\n</span><span style=\"font-size: 16px\">@{items('Apply_to_each')?['Emp_Name/JobTitle']}</span><span style=\"font-size: 16px\"><br>\n<br>\n</span><span style=\"font-size: 16px\">@{items('Apply_to_each')?['Emp_Name/Department']}</span><span style=\"font-size: 16px\"><br>\n<br>\n</span><span style=\"font-size: 16px\">@{items('Apply_to_each')?['Location']}</span><span style=\"font-size: 16px\"><br>\n<br>\n<img src=\"data:image/jpeg;base64,@{outputs('Compose_3')}\" width=\"650\" height=\"800\" style=\"border-radius: 50px;\" />\n<br>\n<br>\n</span><span style=\"font-family: arial\"><br>\n<br>\nRegards,<br>\n</span><span style=\"font-size: 24px; color: rgb(184,49,47)\"><strong>Indus</strong></span><span style=\"font-size: 24px\"><strong>Law</strong></span></p>","emailMessage/From":"greetings@induslaw.com","emailMessage/Cc":"partners@induslaw.com;associates@induslaw.com;Staff@induslaw.com","emailMessage/Importance":"Normal"},"authentication":"@parameters('$authentication')"}}},"runAfter":{"Compose_3":["Succeeded"]},"expression":{"contains":["@items('Apply_to_each')?['DOB']","@outputs('Compose')"]},"metadata":{"operationMetadataId":"5add8e05-1ed1-4a2c-a129-52bb1d10e07e"},"type":"If"},"Get_file_content":{"runAfter":{"Compose":["Succeeded"]},"metadata":{"%252fBirthdayAttachment%252fBirthday.png":"/BirthdayAttachment/Birthday.png","operationMetadataId":"b4605954-fe42-40e1-b0bc-f549c6dee466"},"type":"OpenApiConnection","inputs":{"host":{"apiId":"/providers/Microsoft.PowerApps/apis/shared_sharepointonline","connectionName":"shared_sharepointonline","operationId":"GetFileContent"},"parameters":{"dataset":"https://induslaw2.sharepoint.com/sites/LMS","id":"%252fBirthdayAttachment%252fBirthday.png","inferContentType":true},"authentication":"@parameters('$authentication')"}},"Compose_3":{"runAfter":{"Get_file_content":["Succeeded"]},"metadata":{"operationMetadataId":"8ae9af98-77b0-4776-932e-3b1c049bb714"},"type":"Compose","inputs":"@base64(outputs('Get_file_content')?['body'])"}},"runAfter":{"Get_items":["Succeeded"]},"metadata":{"operationMetadataId":"1e6ed81f-ae42-4d78-ad7e-25cf6381a679"},"type":"Foreach"}}},"connectionReferences":{"shared_sharepointonline":{"connectionName":"shared-sharepointonl-79ea599c-7fbe-4b65-b79d-74845a45d5c8","source":"Embedded","id":"/providers/Microsoft.PowerApps/apis/shared_sharepointonline","tier":"NotSpecified","apiName":"sharepointonline","isProcessSimpleApiReferenceConversionAlreadyDone":false},"shared_office365":{"connectionName":"shared-office365-b42bac93-8f7a-4c1a-a070-0eecb7e24142","source":"Embedded","id":"/providers/Microsoft.PowerApps/apis/shared_office365","tier":"NotSpecified","apiName":"office365","isProcessSimpleApiReferenceConversionAlreadyDone":false}},"flowFailureAlertSubscribed":false,"isManaged":false}}