{"name":"31c77e34-0fc0-41e7-b167-6dd4fe4a43e6","id":"/providers/Microsoft.Flow/flows/31c77e34-0fc0-41e7-b167-6dd4fe4a43e6","type":"Microsoft.Flow/flows","properties":{"apiId":"/providers/Microsoft.PowerApps/apis/shared_logicflows","displayName":"StageTrackerLMS","definition":{"metadata":{"defaultDataverseMetadataHeader":"application/json;odata.metadata=minimal","workflowEntityId":null,"processAdvisorMetadata":null,"flowChargedByPaygo":null,"flowclientsuspensionreason":"None","flowclientsuspensiontime":null,"flowclientsuspensionreasondetails":"","creator":{"id":"bf668f67-af79-49f0-bed7-6a95d75d788b","type":"User","tenantId":"fbb6f8eb-6233-4b2e-9ac3-bcad8d47ffda"},"provisioningMethod":"FromDefinition","failureAlertSubscription":true,"clientLastModifiedTime":"2025-09-30T11:48:42.1644141Z","connectionKeySavedTimeKey":"2025-09-29T12:02:14.0018932Z","creationSource":null},"$schema":"https://schema.management.azure.com/providers/Microsoft.Logic/schemas/2016-06-01/workflowdefinition.json#","contentVersion":"1.0.0.0","parameters":{"$connections":{"defaultValue":{},"type":"Object"},"$authentication":{"defaultValue":{},"type":"SecureObject"}},"triggers":{"When_an_item_is_created":{"recurrence":{"frequency":"Minute","interval":5},"splitOn":"@triggerOutputs()?['body/value']","metadata":{"operationMetadataId":"2804ba7b-a634-450e-ab2b-fc4f6e9f9e08"},"type":"OpenApiConnection","inputs":{"host":{"apiId":"/providers/Microsoft.PowerApps/apis/shared_sharepointonline","connectionName":"shared_sharepointonline","operationId":"GetOnNewItems"},"parameters":{"dataset":"https://induslaw2.sharepoint.com/sites/LMS","table":"b003c532-c155-4c2c-aea1-57bb9ddd6e18"},"authentication":"@parameters('$authentication')"}}},"actions":{"Try":{"actions":{"Get_a_row_by_ID":{"runAfter":{},"metadata":{"operationMetadataId":"f09bdd71-c469-41cc-8842-f0460ba2c244"},"type":"OpenApiConnection","inputs":{"host":{"apiId":"/providers/Microsoft.PowerApps/apis/shared_commondataserviceforapps","connectionName":"shared_commondataserviceforapps","operationId":"GetItem"},"parameters":{"entityName":"msdyn_flow_approvals","recordId":"@triggerOutputs()?['body/ApprovalID']"},"authentication":"@parameters('$authentication')"}},"Compose":{"runAfter":{"Get_a_row_by_ID":["Succeeded"]},"metadata":{"operationMetadataId":"8494779f-4b98-40bf-8912-9a517cadc05b"},"type":"Compose","inputs":"@triggerOutputs()?['body/Result/Value']"},"Update_a_row":{"runAfter":{"Compose":["Succeeded"]},"metadata":{"operationMetadataId":"c7e26aa2-b556-442a-8e08-f6a68e7c8899"},"type":"OpenApiConnection","inputs":{"host":{"apiId":"/providers/Microsoft.PowerApps/apis/shared_commondataserviceforapps","connectionName":"shared_commondataserviceforapps","operationId":"UpdateOnlyRecord"},"parameters":{"entityName":"msdyn_flow_approvals","recordId":"@triggerOutputs()?['body/ApprovalID']","item/msdyn_flow_approval_stage":192351000,"item/statuscode":192350004,"item/msdyn_flow_approval_result":"@triggerOutputs()?['body/Result/Value']","item/statecode":1},"authentication":"@parameters('$authentication')"}}},"runAfter":{},"metadata":{"operationMetadataId":"be2c085c-27f7-40fe-a78a-43a7274815fd"},"type":"Scope"},"Catch":{"actions":{"Filter_array":{"runAfter":{},"metadata":{"operationMetadataId":"0f0e26b8-215e-46c1-9f34-fbbf52f82034"},"type":"Query","inputs":{"from":"@result('Try')","where":"@equals(item()?['Status'], 'Failed')"}},"Create_HTML_table":{"runAfter":{"Filter_array":["Succeeded"]},"metadata":{"operationMetadataId":"ed7ae640-1af7-4143-b913-5a5862ff34b6"},"type":"Table","inputs":{"from":"@body('Filter_array')","format":"HTML","columns":[{"header":"Action","value":"@item()?['name']"},{"header":"Status","value":"@item()?['Status']"},{"header":"ErrorMessage","value":"@item()?['body']?['error']?['message']"}]}},"Send_an_email_(V2)":{"runAfter":{"Create_HTML_table":["Succeeded"]},"metadata":{"operationMetadataId":"476d55d1-9ecb-4ef5-940f-67fb361dec9b"},"type":"OpenApiConnection","inputs":{"host":{"apiId":"/providers/Microsoft.PowerApps/apis/shared_office365","connectionName":"shared_office365","operationId":"SendEmailV2"},"parameters":{"emailMessage/To":"prince.panchal@cms-induslaw.com","emailMessage/Subject":"Error in 'LMS Stage Tracker' for @{triggerOutputs()?['body/ID']}","emailMessage/Body":"<p>&lt;style&gt;<br>\ntable,td,th{<br>\nborder:1px solid #ddd;<br>\ntext-align:left;}<br>\n<br>\ntable{<br>\nborder-collapse:collapse;<br>\nwidth:100%;}<br>\n<br>\nth,td{<br>\npadding:15px;}<br>\n<br>\n&lt;/style&gt;<br>\n&lt;p&gt;@{body('Create_HTML_table')}&lt;/p&gt;<br>\n&lt;br&gt;<br>\n&lt;a href='@{concat('https://make.powerautomate.com/environments/' ,workflow()?['tags']['environmentName'],'/flows/',workflow()?['name'],'/runs/',workflow()?['run']['name'])}'&gt; &nbsp;&nbsp;&nbsp;&nbsp;&nbsp;😕 Check flow run &lt;/a&gt;<br>\n</p>","emailMessage/Importance":"Normal"},"authentication":"@parameters('$authentication')"}}},"runAfter":{"Try":["Failed"]},"metadata":{"operationMetadataId":"9dd72231-5812-4523-9673-ab986371f4f0"},"type":"Scope"}}},"connectionReferences":{"shared_commondataserviceforapps":{"connectionName":"shared-commondataser-64a18a9b-4ad8-4834-b8a3-c16409044007","source":"Embedded","id":"/providers/Microsoft.PowerApps/apis/shared_commondataserviceforapps","tier":"NotSpecified","apiName":"commondataserviceforapps","isProcessSimpleApiReferenceConversionAlreadyDone":false},"shared_sharepointonline":{"connectionName":"shared-sharepointonl-93bc38e9-e6cc-45bb-841c-3c3672fd76b1","source":"Embedded","id":"/providers/Microsoft.PowerApps/apis/shared_sharepointonline","tier":"NotSpecified","apiName":"sharepointonline","isProcessSimpleApiReferenceConversionAlreadyDone":false},"shared_office365":{"connectionName":"shared-office365-f84e273d-fea7-4a3d-a776-7c1e1bd20600","source":"Embedded","id":"/providers/Microsoft.PowerApps/apis/shared_office365","tier":"NotSpecified","apiName":"office365","isProcessSimpleApiReferenceConversionAlreadyDone":false}},"flowFailureAlertSubscribed":false,"isManaged":false}}