{"name":"f7568730-5b58-4c2e-b218-2998de10d15e","id":"/providers/Microsoft.Flow/flows/f7568730-5b58-4c2e-b218-2998de10d15e","type":"Microsoft.Flow/flows","properties":{"apiId":"/providers/Microsoft.PowerApps/apis/shared_logicflows","displayName":"GetDatauriLive","definition":{"metadata":{"workflowEntityId":null,"processAdvisorMetadata":null,"flowChargedByPaygo":null,"flowclientsuspensionreason":"None","flowclientsuspensiontime":null,"flowclientsuspensionreasondetails":null,"creator":{"id":"bf668f67-af79-49f0-bed7-6a95d75d788b","type":"User","tenantId":"fbb6f8eb-6233-4b2e-9ac3-bcad8d47ffda"},"provisioningMethod":"FromDefinition","failureAlertSubscription":true,"clientLastModifiedTime":"2024-12-27T04:52:55.3144657Z","connectionKeySavedTimeKey":"2025-09-15T19:19:01.608998Z","clientCreatedTime":"2025-05-08T20:04:21.1262547Z","migrationSourceId":"/subscriptions/3df34096-c8e0-43e1-ba99-0a8bebb69439/resourceGroups/fbb6f8eb62334b2e9ac3bcad8d47ffda-defaultfbb6f8eb62334b2e9ac3bcad8d47ffda-env/providers/Microsoft.Logic/workflows/f7568730-5b58-4c2e-b218-2998de10d15e-azshadow"},"$schema":"https://schema.management.azure.com/providers/Microsoft.Logic/schemas/2016-06-01/workflowdefinition.json#","contentVersion":"1.0.0.0","parameters":{"$connections":{"defaultValue":{},"type":"Object"},"$authentication":{"defaultValue":{},"type":"SecureObject"}},"triggers":{"manual":{"metadata":{"operationMetadataId":"f5bc3af2-7da1-485d-a8ad-180745c451b3"},"type":"Request","kind":"PowerAppV2","inputs":{"schema":{"type":"object","properties":{"text":{"title":"DocIdentifier","type":"string","x-ms-dynamically-added":true,"description":"Please enter your input","x-ms-content-hint":"TEXT"}},"required":["text"]}}}},"actions":{"Get_file_content":{"runAfter":{},"metadata":{"operationMetadataId":"ece85e40-dd23-4ced-821e-6caacaf8a788"},"type":"OpenApiConnection","inputs":{"host":{"apiId":"/providers/Microsoft.PowerApps/apis/shared_sharepointonline","connectionName":"shared_sharepointonline","operationId":"GetFileContent"},"parameters":{"dataset":"https://induslaw2.sharepoint.com/sites/LMS","id":"@triggerBody()['text']","inferContentType":true},"authentication":{"value":"@json(decodeBase64(triggerOutputs().headers['X-MS-APIM-Tokens']))['$ConnectionKey']","type":"Raw"}}},"Compose":{"runAfter":{"Get_file_content":["Succeeded"]},"metadata":{"operationMetadataId":"3ef61dfb-5f32-42ad-a964-41e2366f0f38"},"type":"Compose","inputs":"@datauri(base64ToBinary(body('Get_file_content')?['$content']))"},"Respond_to_a_Power_App_or_flow":{"runAfter":{"Compose":["Succeeded"]},"metadata":{"operationMetadataId":"27411d29-18d6-44ad-806b-221c1cfd4d32"},"type":"Response","kind":"PowerApp","inputs":{"statusCode":200,"body":{"result":"@{outputs('Compose')}"},"schema":{"type":"object","properties":{"result":{"title":"Result","x-ms-dynamically-added":true,"type":"string"}}}}}}},"connectionReferences":{"shared_sharepointonline":{"connectionName":"shared-sharepointonl-79ea599c-7fbe-4b65-b79d-74845a45d5c8","source":"Invoker","id":"/providers/Microsoft.PowerApps/apis/shared_sharepointonline","tier":"NotSpecified","apiName":"sharepointonline","isProcessSimpleApiReferenceConversionAlreadyDone":false}},"flowFailureAlertSubscribed":false,"isManaged":false}}