{"schemaVersion":"1.0","appDefinitionTemplate":{"id":"/providers/Microsoft.PowerApps/apps/","type":"Microsoft.PowerApps/apps","tags":{"primaryDeviceWidth":"1366","primaryDeviceHeight":"768","supportsPortrait":"true","supportsLandscape":"true","primaryFormFactor":"Tablet","showStatusBar":"false","publisherVersion":"3.25094.10","minimumRequiredApiVersion":"2.2.0","hasComponent":"true","hasUnlockedComponent":"true","isUnifiedRootApp":"false","offlineLargeFilesSupport":"false","sienaVersion":"20251003T112813Z-3.25094.10.0"},"properties":{"appVersion":"2025-10-03T11:28:13Z","lifeCycleId":"Published","createdByClientVersion":{"major":3,"minor":25094,"build":10,"revision":0,"majorRevision":0,"minorRevision":0},"minClientVersion":{"major":3,"minor":25094,"build":10,"revision":0,"majorRevision":0,"minorRevision":0},"backgroundColor":"rgba(255, 255, 255, 1)","backgroundImageUri":"/12999709586364457933/N2ca3deb6-f998-47ff-b384-9105f15fb1c2-logoSmallFile","displayName":"LMS","description":"Initial release.","commitMessage":"","appUris":{"documentUri":{"value":"/12999709586364457933/N7d78398a-a81a-4529-bd76-f0750486e03c-document.msapp"},"imageUris":[],"additionalUris":[{"isSolutionAware":false,"value":"/12999709586364457933/Nf4fdb0af-4d75-4eda-83a3-6b5ba05106e0-identity.json"}]},"createdTime":"0001-01-01T00:00:00Z","lastModifiedTime":"0001-01-01T00:00:00Z","sharedGroupsCount":0,"sharedUsersCount":0,"connectionReferences":{"6506f29a-0208-4092-9dae-5dcd58c0ead1":{"id":"80e53475-ebee-4fbf-9e82-f65eb894f16b","displayName":"Logic flows","iconUri":"https://conn-afd-prod-endpoint-bmc9bqahasf3grgk.b01.azurefd.net/v1.0.1766/1.0.1766.4325/logicflows/icon.png","dataSources":["GetDatauriLive"],"dependencies":["28153f3d-a61b-4224-a2db-5401e033b336"],"dependents":[],"parameterHints":{"workflowName":{"value":"7108b440-f55c-478d-8249-13b7babedfd0"},"workflowEntityId":{},"workflowDisplayName":{"value":"GetDatauriLive"},"28153f3d-a61b-4224-a2db-5401e033b336":{"value":"shared_sharepointonline"}},"parameterHintsV2":{"workflowName":{"value":"7108b440-f55c-478d-8249-13b7babedfd0"},"workflowEntityId":{},"workflowDisplayName":{"value":"GetDatauriLive"},"shared_sharepointonline":{"value":"28153f3d-a61b-4224-a2db-5401e033b336"}},"isOnPremiseConnection":false,"bypassConsent":false,"dataSets":{},"apiTier":"Standard","isCustomApiConnection":false,"actions":["Run"],"nestedActions":[{"id":"/providers/Microsoft.PowerApps/apis/shared_sharepointonline/apiOperations/GetFileContent","flowConnectionRef":"shared_sharepointonline","apiName":"SharePoint","actionName":"GetFileContent","referencedResources":[{"key":"site","value":"https://induslaw2.sharepoint.com/sites/LMS"},{"key":"site","value":"https://induslaw2.sharepoint.com/sites/LMS"},{"key":"fileId","value":"@triggerBody()['text']"}]}]},"28153f3d-a61b-4224-a2db-5401e033b336":{"id":"518ba584-25a5-468d-a7dd-b67ef7c4d54a","displayName":"SharePoint","iconUri":"https://conn-afd-prod-endpoint-bmc9bqahasf3grgk.b01.azurefd.net/v1.0.1769/1.0.1769.4352/sharepointonline/icon.png","dataSources":["BalanceLeave_1","FirmHoliday","LeaveAppliedByEmployees","Documents","DualManagerList","Partners_Master","Managers_master","BalanceLeave_Master","LeaveAppliedByPARTNERMain","ClientPartnerMasterList","LeaveType","StageTracker"],"dependencies":[],"dependents":["6506f29a-0208-4092-9dae-5dcd58c0ead1","19bbb64a-419d-4fc5-86d3-5ec3b9498ef3"],"parameterHints":{},"parameterHintsV2":{},"isOnPremiseConnection":false,"bypassConsent":false,"dataSets":{"https://induslaw2.sharepoint.com/sites/LMS":{"dataSources":{"BalanceLeave_1":{"tableName":"30ad6c1e-ebcf-4d97-b8cb-1e1d032e829d"},"FirmHoliday":{"tableName":"a731f89c-946f-49b7-b066-591f1724f537"},"LeaveAppliedByEmployees":{"tableName":"6d63afec-e335-4594-8b9e-21a046a33a25"},"Documents":{"tableName":"d94e008e-1422-4dc3-825b-e02d9512420a"},"DualManagerList":{"tableName":"ea286467-bb60-47eb-b40b-0e45bae88962"},"Partners_Master":{"tableName":"d95e6715-2879-417d-8920-ceae94a948f6"},"Managers_master":{"tableName":"14eeab98-7412-4c8f-b9b6-c623ed82fb83"},"BalanceLeave_Master":{"tableName":"4cc496d5-c502-4a7b-b65a-dc3257251937"},"LeaveAppliedByPARTNERMain":{"tableName":"a5a76ed1-e9f5-4a76-800c-d672ec9180c9"},"LeaveType":{"tableName":"d7d00e75-69c1-46af-8d13-ba6d9f7a8839"},"StageTracker":{"tableName":"b003c532-c155-4c2c-aea1-57bb9ddd6e18"}}},"https://induslaw2.sharepoint.com/sites/IndusLawITHelpdeskTool":{"dataSources":{"ClientPartnerMasterList":{"tableName":"e23dbf92-0df3-42f4-82e1-a94bb02879cf"}}}},"apiTier":"Standard","isCustomApiConnection":false,"actions":["providers/PowerPlatform.Governance/Operations/Read","providers/PowerPlatform.Governance/Operations/Write"]},"19bbb64a-419d-4fc5-86d3-5ec3b9498ef3":{"id":"80e53475-ebee-4fbf-9e82-f65eb894f16b","displayName":"Logic flows","iconUri":"https://conn-afd-prod-endpoint-bmc9bqahasf3grgk.b01.azurefd.net/v1.0.1766/1.0.1766.4325/logicflows/icon.png","dataSources":["CancelLeaveFlowLive"],"dependencies":["28153f3d-a61b-4224-a2db-5401e033b336","a107bc58-ce65-4a50-a486-585307d47d1a","28153f3d-a61b-4224-a2db-5401e033b336"],"dependents":[],"parameterHints":{"workflowName":{"value":"3cf3ce0c-098d-454f-8392-1008ddf42c39"},"workflowEntityId":{},"workflowDisplayName":{"value":"CancelLeaveFlowLive"},"28153f3d-a61b-4224-a2db-5401e033b336":{"value":"shared_sharepointonline_1"},"a107bc58-ce65-4a50-a486-585307d47d1a":{"value":"shared_office365"}},"parameterHintsV2":{"workflowName":{"value":"3cf3ce0c-098d-454f-8392-1008ddf42c39"},"workflowEntityId":{},"workflowDisplayName":{"value":"CancelLeaveFlowLive"},"shared_sharepointonline":{"value":"28153f3d-a61b-4224-a2db-5401e033b336"},"shared_office365":{"value":"a107bc58-ce65-4a50-a486-585307d47d1a"},"shared_sharepointonline_1":{"value":"28153f3d-a61b-4224-a2db-5401e033b336"}},"isOnPremiseConnection":false,"bypassConsent":false,"dataSets":{},"apiTier":"Standard","isCustomApiConnection":false,"actions":["Run"],"nestedActions":[{"id":"/providers/Microsoft.PowerApps/apis/shared_sharepointonline/apiOperations/GetItems","flowConnectionRef":"shared_sharepointonline","apiName":"SharePoint","actionName":"GetItems","referencedResources":[{"key":"site","value":"https://induslaw2.sharepoint.com/sites/LMS"},{"key":"list","value":"6d63afec-e335-4594-8b9e-21a046a33a25"},{"key":"site","value":"https://induslaw2.sharepoint.com/sites/LMS"}]},{"id":"/providers/Microsoft.PowerApps/apis/shared_office365/apiOperations/SendEmailV2","flowConnectionRef":"shared_office365","apiName":"Office 365 Outlook","actionName":"SendEmailV2","referencedResources":[]},{"id":"/providers/Microsoft.PowerApps/apis/shared_sharepointonline/apiOperations/PatchItem","flowConnectionRef":"shared_sharepointonline_1","apiName":"SharePoint","actionName":"PatchItem","referencedResources":[{"key":"site","value":"https://induslaw2.sharepoint.com/sites/LMS"},{"key":"list","value":"6d63afec-e335-4594-8b9e-21a046a33a25"},{"key":"site","value":"https://induslaw2.sharepoint.com/sites/LMS"},{"key":"fileId","value":"@items('Apply_to_each')?['ID']"}]}]},"a107bc58-ce65-4a50-a486-585307d47d1a":{"id":"d510009b-4927-435f-bd0c-a20e87f32dec","displayName":"Office 365 Outlook","iconUri":"https://conn-afd-prod-endpoint-bmc9bqahasf3grgk.b01.azurefd.net/v1.0.1772/1.0.1772.4371/office365/icon.png","dataSources":[],"dependencies":[],"dependents":["19bbb64a-419d-4fc5-86d3-5ec3b9498ef3"],"parameterHints":{},"parameterHintsV2":{},"isOnPremiseConnection":false,"bypassConsent":false,"dataSets":{},"apiTier":"Standard","isCustomApiConnection":false},"648dd186-fa8e-427a-8e44-374f7c936122":{"id":"e00ff0b3-5eba-4c35-9523-783d62fe664f","displayName":"Office 365 Users","iconUri":"https://conn-afd-prod-endpoint-bmc9bqahasf3grgk.b01.azurefd.net/v1.0.1767/1.0.1767.4332/office365users/icon.png","dataSources":["Office365Users"],"dependencies":[],"dependents":[],"parameterHints":{},"parameterHintsV2":{},"isOnPremiseConnection":false,"bypassConsent":false,"dataSets":{},"apiTier":"Standard","isCustomApiConnection":false,"actions":["UserProfile","UserProfile_V2","UserPhoto"]}},"databaseReferences":{},"almMode":"Environment","performanceOptimizationEnabled":true,"canConsumeAppPass":false,"enableModernRuntimeMode":false,"executionRestrictions":{"isTeamsOnly":false,"dataLossPreventionEvaluationResult":{"status":"Compliant","lastEvaluationDate":"2025-10-03T11:28:21.2677963Z","violations":[],"violationsByPolicy":[],"violationErrorMessage":"The app uses the following connectors: shared_logicflows, shared_sharepointonline, shared_office365, shared_office365users."},"httpActionRestriction":{"appUsesSharepointHttpAction":false,"enforcementStrategy":"Legacy","evaluationTime":"2025-10-03T11:28:21.2676651Z"}}},"isAppComponentLibrary":false,"appType":"ClassicCanvasApp","appComponents":[]}}