{"name":"db9101ba-bd52-4e6a-afe2-862d6ae56b33","id":"/providers/Microsoft.Flow/flows/db9101ba-bd52-4e6a-afe2-862d6ae56b33","type":"Microsoft.Flow/flows","properties":{"apiId":"/providers/Microsoft.PowerApps/apis/shared_logicflows","displayName":"GetDatauri_BackUp","definition":{"metadata":{"workflowEntityId":null,"processAdvisorMetadata":null,"flowChargedByPaygo":null,"flowclientsuspensionreason":"None","flowclientsuspensiontime":null,"flowclientsuspensionreasondetails":null,"creator":{"id":"bf668f67-af79-49f0-bed7-6a95d75d788b","type":"User","tenantId":"fbb6f8eb-6233-4b2e-9ac3-bcad8d47ffda"},"provisioningMethod":"FromDefinition","failureAlertSubscription":true,"clientLastModifiedTime":"2025-04-29T10:10:14.235247Z","connectionKeySavedTimeKey":"2025-09-12T07:30:00.7010131Z","creationSource":"PowerappsPpux","modifiedSources":"PowerappsPpux","clientCreatedTime":"2025-05-08T20:04:39.1052688Z","migrationSourceId":"/subscriptions/775928be-834e-40da-bde6-b48f96905a08/resourceGroups/fbb6f8eb62334b2e9ac3bcad8d47ffda-bf668f67af7949f0bed76a95d75d788b/providers/Microsoft.Logic/workflows/db9101ba-bd52-4e6a-afe2-862d6ae56b33-azshadow"},"$schema":"https://schema.management.azure.com/providers/Microsoft.Logic/schemas/2016-06-01/workflowdefinition.json#","contentVersion":"1.0.0.0","parameters":{"$connections":{"defaultValue":{},"type":"Object"},"$authentication":{"defaultValue":{},"type":"SecureObject"}},"triggers":{"manual":{"metadata":{"operationMetadataId":"722a5dfd-5809-43ed-b245-5a4e7022fd0d"},"type":"Request","kind":"PowerAppV2","inputs":{"schema":{"type":"object","properties":{"text":{"title":"DocIdentifier","type":"string","x-ms-dynamically-added":true,"description":"Please enter your input","x-ms-content-hint":"TEXT"}},"required":["text"]}}}},"actions":{"Get_file_content":{"runAfter":{},"metadata":{"operationMetadataId":"0ccd64df-5540-42a6-804f-fd18c4f2dd92"},"type":"OpenApiConnection","inputs":{"host":{"apiId":"/providers/Microsoft.PowerApps/apis/shared_sharepointonline","connectionName":"shared_sharepointonline","operationId":"GetFileContent"},"parameters":{"dataset":"https://induslaw2.sharepoint.com/sites/LMS","id":"@triggerBody()['text']","inferContentType":true},"authentication":{"value":"@json(decodeBase64(triggerOutputs().headers['X-MS-APIM-Tokens']))['$ConnectionKey']","type":"Raw"}}},"Compose":{"runAfter":{"Get_file_content":["Succeeded"]},"metadata":{"operationMetadataId":"c34d8cb9-02ec-4342-b302-989d7205761c"},"type":"Compose","inputs":"@datauri(base64ToBinary(body('Get_file_content')?['$content']))"},"Respond_to_a_Power_App_or_flow":{"runAfter":{"Compose":["Succeeded"]},"metadata":{"operationMetadataId":"27411d29-18d6-44ad-806b-221c1cfd4d32"},"type":"Response","kind":"PowerApp","inputs":{"statusCode":200,"body":{"result":"@{outputs('Compose')}"},"schema":{"type":"object","properties":{"result":{"title":"Result","x-ms-dynamically-added":true,"type":"string"}}}}}}},"connectionReferences":{"shared_sharepointonline":{"connectionName":"shared-sharepointonl-79ea599c-7fbe-4b65-b79d-74845a45d5c8","source":"Invoker","id":"/providers/Microsoft.PowerApps/apis/shared_sharepointonline","tier":"NotSpecified","apiName":"sharepointonline","isProcessSimpleApiReferenceConversionAlreadyDone":false}},"flowFailureAlertSubscribed":false,"isManaged":false}}