{"name":"52a24c5d-8e02-456e-82a1-b2818788ba54","id":"/providers/Microsoft.Flow/flows/52a24c5d-8e02-456e-82a1-b2818788ba54","type":"Microsoft.Flow/flows","properties":{"apiId":"/providers/Microsoft.PowerApps/apis/shared_logicflows","displayName":"ApprovalTrackerLMS","definition":{"metadata":{"workflowEntityId":null,"processAdvisorMetadata":null,"flowChargedByPaygo":null,"flowclientsuspensionreason":"None","flowclientsuspensiontime":null,"flowclientsuspensionreasondetails":"","creator":{"id":"bf668f67-af79-49f0-bed7-6a95d75d788b","type":"User","tenantId":"fbb6f8eb-6233-4b2e-9ac3-bcad8d47ffda"},"provisioningMethod":"FromDefinition","failureAlertSubscription":true,"clientLastModifiedTime":"2025-09-30T11:48:40.117501Z","connectionKeySavedTimeKey":"2025-09-30T09:51:47.201402Z","creationSource":null},"$schema":"https://schema.management.azure.com/providers/Microsoft.Logic/schemas/2016-06-01/workflowdefinition.json#","contentVersion":"1.0.0.0","parameters":{"$connections":{"defaultValue":{},"type":"Object"},"$authentication":{"defaultValue":{},"type":"SecureObject"}},"triggers":{"When_a_row_is_added,_modified_or_deleted":{"metadata":{"operationMetadataId":"df10e820-9a76-43bf-81cf-5ae779d2fe11"},"type":"OpenApiConnectionWebhook","inputs":{"host":{"apiId":"/providers/Microsoft.PowerApps/apis/shared_commondataserviceforapps","connectionName":"shared_commondataserviceforapps","operationId":"SubscribeWebhookTrigger"},"parameters":{"subscriptionRequest/message":3,"subscriptionRequest/entityname":"msdyn_flow_approval","subscriptionRequest/scope":2},"authentication":"@parameters('$authentication')"}}},"actions":{"Try":{"actions":{"Get_items":{"runAfter":{},"metadata":{"operationMetadataId":"e1a3c304-580c-4ebd-b725-31a7b14ff39a"},"type":"OpenApiConnection","inputs":{"host":{"apiId":"/providers/Microsoft.PowerApps/apis/shared_sharepointonline","connectionName":"shared_sharepointonline","operationId":"GetItems"},"parameters":{"dataset":"https://induslaw2.sharepoint.com/sites/LMS","table":"6d63afec-e335-4594-8b9e-21a046a33a25","$filter":"ApprovalID eq '@{triggerOutputs()?['body/msdyn_flow_approvalid']}'"},"authentication":"@parameters('$authentication')"}},"Apply_to_each_3":{"foreach":"@outputs('Get_items')?['body/value']","actions":{"Set_variable":{"runAfter":{},"metadata":{"operationMetadataId":"67d70579-5e24-4f01-b396-c27539ac2385"},"type":"SetVariable","inputs":{"name":"Manager2","value":"@items('Apply_to_each_3')?['ReportingManager_1/Email']"}},"Condition":{"actions":{"Apply_to_each":{"foreach":"@outputs('Get_items')?['body/value']","actions":{"Switch":{"runAfter":{},"cases":{"Case":{"case":"Stage1","actions":{"Condition_3":{"actions":{"Update_item_2":{"runAfter":{"Create_an_approval":["Succeeded"]},"metadata":{"operationMetadataId":"3eb6d728-2a6f-4a17-97ec-290d5fbe6c41"},"type":"OpenApiConnection","inputs":{"host":{"apiId":"/providers/Microsoft.PowerApps/apis/shared_sharepointonline","connectionName":"shared_sharepointonline","operationId":"PatchItem"},"parameters":{"dataset":"https://induslaw2.sharepoint.com/sites/LMS","table":"6d63afec-e335-4594-8b9e-21a046a33a25","id":"@items('Apply_to_each')?['ID']","item/LeaveStatus/Value":"Pending","item/Manager1Response/Value":"Approved","item/Manager2Response/Value":"Pending","item/ApprovalID":"@outputs('Create_an_approval')?['body/name']","item/EmailTime":"@outputs('Create_an_approval')?['body/requestDate']","item/LeaveStage/Value":"Stage2"},"authentication":"@parameters('$authentication')"}},"Create_an_approval":{"runAfter":{},"metadata":{"operationMetadataId":"e97b2eac-4024-431c-b437-62de97b25966"},"type":"OpenApiConnection","inputs":{"host":{"apiId":"/providers/Microsoft.PowerApps/apis/shared_approvals","connectionName":"shared_approvals","operationId":"CreateAnApproval"},"parameters":{"approvalType":"CustomResponse","ApprovalCreationInput/responseOptions":["Approve","Reject"],"ApprovalCreationInput/title":"Leave Request Submitted - @{items('Apply_to_each')?['RequestedBy/DisplayName']}  New","ApprovalCreationInput/assignedTo":"testing2@induslaw.com;","ApprovalCreationInput/details":"Dear @{items('Apply_to_each')?['ReportingManager_2/DisplayName']},\n\n@{items('Apply_to_each')?['RequestedBy/DisplayName']} has applied for leave with the details mentioned below and is now pending your approval.\n\nLeave Details : \n\n• Employee Name: @{items('Apply_to_each')?['RequestedBy/DisplayName']}\n• Leave Type: @{items('Apply_to_each')?['LeaveType']}\n• Start Date:   @{outputs('FromDateNew')}\n• End Date:    @{outputs('ToDateNew')}\n• Total Days:  @{items('Apply_to_each')?['TotalDays']}\n\nPlease review and approve the leave request at your earliest convenience.\n\nRegards,\nLeave Management System","ApprovalCreationInput/requestor":"@{items('Apply_to_each')?['RequestedBy/Email']};","ApprovalCreationInput/enableNotifications":true,"ApprovalCreationInput/enableReassignment":true},"authentication":"@parameters('$authentication')"}}},"runAfter":{},"else":{"actions":{"Update_item_5":{"runAfter":{},"metadata":{"operationMetadataId":"68cab9ff-02f6-4283-bc29-54b8baf24d97"},"type":"OpenApiConnection","inputs":{"host":{"apiId":"/providers/Microsoft.PowerApps/apis/shared_sharepointonline","connectionName":"shared_sharepointonline","operationId":"PatchItem"},"parameters":{"dataset":"https://induslaw2.sharepoint.com/sites/LMS","table":"6d63afec-e335-4594-8b9e-21a046a33a25","id":"@items('Apply_to_each')?['ID']","item/LeaveStatus/Value":"Approved","item/Manager1Response/Value":"Approved","item/LeaveStage/Value":"Approved"},"authentication":"@parameters('$authentication')"}},"Send_an_email_(V2)_4":{"runAfter":{"Update_item_5":["Succeeded"]},"metadata":{"operationMetadataId":"a653c1be-ab5e-4c5c-ad0f-dc644566da79"},"type":"OpenApiConnection","inputs":{"host":{"apiId":"/providers/Microsoft.PowerApps/apis/shared_office365","connectionName":"shared_office365","operationId":"SendEmailV2"},"parameters":{"emailMessage/To":"prince.panchal@cms-induslaw.com","emailMessage/Subject":"Leave Request Approved","emailMessage/Body":"<p>Dear @{outputs('Update_item_5')?['body/RequestedBy/DisplayName']},<br>\n<br>\nWe are pleased to inform you that your leave request has been approved by your manager.<br>\n<br>\nDetails of Your Approved Leave Request:<br>\n<br>\nLeave Type: &nbsp;@{outputs('Update_item_5')?['body/LeaveType']}<br>\nStart Date: &nbsp; &nbsp;@{outputs('FromDateNew')}<br>\nEnd Date: &nbsp;&nbsp;&nbsp;&nbsp;@{outputs('ToDateNew')}<br>\nTotal Days: &nbsp;@{outputs('Update_item_5')?['body/TotalDays']}<br>\n<br>\nFor more information or to discuss this further, please contact your manager.<br>\n<br>\n<br>\nRegards,<br>\nLeave Management System</p>","emailMessage/From":"leave.managemen@cms-induslaw.com","emailMessage/Importance":"Normal"},"authentication":"@parameters('$authentication')"}}}},"expression":{"equals":["@empty(variables('Manager2'))","@false"]},"metadata":{"operationMetadataId":"0de9c016-267c-403e-9902-c8a9782413bd"},"type":"If"}}},"Case_2":{"case":"Stage2","actions":{"Update_item":{"runAfter":{},"metadata":{"operationMetadataId":"5ff35928-eb04-4a37-b034-3c9465559016"},"type":"OpenApiConnection","inputs":{"host":{"apiId":"/providers/Microsoft.PowerApps/apis/shared_sharepointonline","connectionName":"shared_sharepointonline","operationId":"PatchItem"},"parameters":{"dataset":"https://induslaw2.sharepoint.com/sites/LMS","table":"6d63afec-e335-4594-8b9e-21a046a33a25","id":"@items('Apply_to_each')?['ID']","item/LeaveStatus/Value":"Approved","item/Manager1Response/Value":"Approved","item/Manager2Response/Value":"Approved","item/LeaveStage/Value":"Approved"},"authentication":"@parameters('$authentication')"}},"Send_an_email_(V2)":{"runAfter":{"Update_item":["Succeeded"]},"metadata":{"operationMetadataId":"08a21d5b-1415-4939-871c-05e3c92b70f5"},"type":"OpenApiConnection","inputs":{"host":{"apiId":"/providers/Microsoft.PowerApps/apis/shared_office365","connectionName":"shared_office365","operationId":"SendEmailV2"},"parameters":{"emailMessage/To":"prince.panchal@cms-induslaw.com","emailMessage/Subject":"Leave Request Approved","emailMessage/Body":"<p>Dear @{outputs('Update_item')?['body/RequestedBy/DisplayName']},<br>\n<br>\nWe are pleased to inform you that your leave request has been approved by your manager.<br>\n<br>\nDetails of Your Approved Leave Request:<br>\n<br>\nLeave Type: @{outputs('Update_item')?['body/LeaveType']}<br>\nStart Date: &nbsp; @{outputs('FromDateNew')}<br>\nEnd Date: &nbsp;&nbsp;&nbsp;@{outputs('ToDateNew')}<br>\nTotal Days : @{outputs('Update_item')?['body/TotalDays']}<br>\n<br>\nFor more information or to discuss this further, please contact your manager.<br>\n<br>\n<br>\nRegards,<br>\nLeave Management System</p>","emailMessage/From":"leave.managemen@cms-induslaw.com","emailMessage/Importance":"Normal"},"authentication":"@parameters('$authentication')"}}}}},"default":{"actions":{}},"expression":"@items('Apply_to_each')?['LeaveStage/Value']","metadata":{"operationMetadataId":"a28d5d4f-7dc7-4ae4-845b-6993b41e3252"},"type":"Switch"}},"runAfter":{},"metadata":{"operationMetadataId":"ef16106f-c3fc-472c-9279-bb2b97972e51"},"type":"Foreach"}},"runAfter":{"ToDateNew":["Succeeded"]},"else":{"actions":{"Apply_to_each_2":{"foreach":"@outputs('Get_items')?['body/value']","actions":{"Condition_2":{"actions":{"Switch_2":{"runAfter":{},"cases":{"Case":{"case":"Stage1","actions":{"Update_item_3":{"runAfter":{},"metadata":{"operationMetadataId":"10eef215-fbfc-4ac1-8a07-6c719dd4eac7"},"type":"OpenApiConnection","inputs":{"host":{"apiId":"/providers/Microsoft.PowerApps/apis/shared_sharepointonline","connectionName":"shared_sharepointonline","operationId":"PatchItem"},"parameters":{"dataset":"https://induslaw2.sharepoint.com/sites/LMS","table":"6d63afec-e335-4594-8b9e-21a046a33a25","id":"@items('Apply_to_each_2')?['ID']","item/LeaveStatus/Value":"Rejected","item/Manager1Response/Value":"Rejected","item/LeaveStage/Value":"Rejected"},"authentication":"@parameters('$authentication')"}},"Send_an_email_(V2)_2":{"runAfter":{"Update_item_3":["Succeeded"]},"metadata":{"operationMetadataId":"31cc43ed-7002-41bc-95ac-fcccf3557cff"},"type":"OpenApiConnection","inputs":{"host":{"apiId":"/providers/Microsoft.PowerApps/apis/shared_office365","connectionName":"shared_office365","operationId":"SendEmailV2"},"parameters":{"emailMessage/To":"prince.panchal@cms-induslaw.com","emailMessage/Subject":"Leave Request Denied.","emailMessage/Body":"<p>Dear @{outputs('Update_item_3')?['body/RequestedBy/DisplayName']},<br>\n<br>\nWe regret to inform you that your leave request has been denied by your manager.<br>\n<br>\nDetails of Your Denied Leave Request:<br>\n<br>\nLeave Type: &nbsp;@{outputs('Update_item_3')?['body/LeaveType']}<br>\nStart Date:  &nbsp; @{outputs('FromDateNew')}<br>\nEnd Date:  &nbsp;&nbsp;&nbsp;@{outputs('ToDateNew')}<br>\nTotal Days: &nbsp;&nbsp;@{outputs('Update_item_3')?['body/TotalDays']}<br>\n<br>\nFor more information or to discuss this further, please contact your manager.<br>\n<br>\n<br>\nRegards,<br>\nLeave Management System</p>","emailMessage/From":"leave.managemen@cms-induslaw.com","emailMessage/Importance":"Normal"},"authentication":"@parameters('$authentication')"}}}},"Case_2":{"case":"Stage2","actions":{"Update_item_4":{"runAfter":{},"metadata":{"operationMetadataId":"9fe20223-4c46-4cc6-bb62-b74617bf2906"},"type":"OpenApiConnection","inputs":{"host":{"apiId":"/providers/Microsoft.PowerApps/apis/shared_sharepointonline","connectionName":"shared_sharepointonline","operationId":"PatchItem"},"parameters":{"dataset":"https://induslaw2.sharepoint.com/sites/LMS","table":"6d63afec-e335-4594-8b9e-21a046a33a25","id":"@items('Apply_to_each_2')?['ID']","item/LeaveStatus/Value":"Rejected","item/Manager2Response/Value":"Rejected","item/LeaveStage/Value":"Rejected"},"authentication":"@parameters('$authentication')"}},"Send_an_email_(V2)_3":{"runAfter":{"Update_item_4":["Succeeded"]},"metadata":{"operationMetadataId":"8daff118-b8aa-436f-8fc8-a9bcd364b68c"},"type":"OpenApiConnection","inputs":{"host":{"apiId":"/providers/Microsoft.PowerApps/apis/shared_office365","connectionName":"shared_office365","operationId":"SendEmailV2"},"parameters":{"emailMessage/To":"prince.panchal@cms-induslaw.com","emailMessage/Subject":"Leave Request Denied.","emailMessage/Body":"<p>Dear @{outputs('Update_item_4')?['body/RequestedBy/DisplayName']},<br>\n<br>\nWe regret to inform you that your leave request has been denied by your manager.<br>\n<br>\nDetails of Your Denied Leave Request:<br>\n<br>\nLeave Type: &nbsp;@{outputs('Update_item_4')?['body/LeaveType']}<br>\nStart Date:  &nbsp;&nbsp;@{outputs('FromDateNew')}<br>\nEnd Date:  &nbsp;&nbsp;&nbsp;@{outputs('ToDateNew')}<br>\nTotal Days: &nbsp;&nbsp;@{outputs('Update_item_4')?['body/ToDays']}<br>\n<br>\nFor more information or to discuss this further, please contact your manager.<br>\n<br>\n<br>\nRegards,<br>\nLeave Management System</p>","emailMessage/From":"leave.managemen@cms-induslaw.com","emailMessage/Importance":"Normal"},"authentication":"@parameters('$authentication')"}}}}},"default":{"actions":{}},"expression":"@items('Apply_to_each_2')?['LeaveStage/Value']","metadata":{"operationMetadataId":"81a3862d-3d0b-411e-adb5-730d2af3b1c2"},"type":"Switch"}},"runAfter":{},"expression":{"equals":["@triggerOutputs()?['body/msdyn_flow_approval_result']","Reject"]},"metadata":{"operationMetadataId":"b7a7a417-494a-45c1-a020-16baeccdcdd8"},"type":"If"}},"runAfter":{},"metadata":{"operationMetadataId":"89fe99bd-f348-42d9-b7b8-904ec8bc37fd"},"type":"Foreach"}}},"expression":{"equals":["@triggerOutputs()?['body/msdyn_flow_approval_result']","Approve"]},"metadata":{"operationMetadataId":"173a8783-dd52-4c2f-a7bf-5692ecf6dfc7"},"type":"If"},"FromDateNew":{"runAfter":{"Set_variable":["Succeeded"]},"metadata":{"operationMetadataId":"c4d327e1-cff0-40c5-81d2-9bd70d0a6cfe"},"type":"Compose","inputs":"@formatDateTime(items('Apply_to_each_3')?['FromDate'], 'dd/MM/yyyy')\r\n"},"ToDateNew":{"runAfter":{"FromDateNew":["Succeeded"]},"metadata":{"operationMetadataId":"2a08bf68-1881-42d5-89c4-93cd1e1bab28"},"type":"Compose","inputs":"@formatDateTime(items('Apply_to_each_3')?['ToDays'], 'dd/MM/yyyy')\r\n"}},"runAfter":{"ResultCompose":["Succeeded"]},"metadata":{"operationMetadataId":"9b2ca7f9-7809-4486-9ca1-9fd82b0d0aac"},"type":"Foreach"},"ResultCompose":{"runAfter":{"Get_items":["Succeeded"]},"metadata":{"operationMetadataId":"20cf23d1-e737-4eda-9f51-cd37d316e386"},"type":"Compose","inputs":"@triggerOutputs()?['body/msdyn_flow_approval_result']"}},"runAfter":{"Manager2":["Succeeded"]},"metadata":{"operationMetadataId":"d1802d61-9a1e-466d-939e-cab39ce585f4"},"type":"Scope"},"Manager2":{"runAfter":{},"metadata":{"operationMetadataId":"3761aed6-e00e-42f5-9a7e-4bb0fef22225"},"type":"InitializeVariable","inputs":{"variables":[{"name":"Manager2","type":"string"}]}},"Catch":{"actions":{"Filter_array":{"runAfter":{},"metadata":{"operationMetadataId":"465109d5-cc3c-4fe5-82c4-9ab158ae499e"},"type":"Query","inputs":{"from":"@result('Try')","where":"@equals(item()?['Status'], 'Failed')"}},"Create_HTML_table":{"runAfter":{"Filter_array":["Succeeded"]},"metadata":{"operationMetadataId":"f57d0ce8-f398-497a-b4d5-ed9505d2d00d"},"type":"Table","inputs":{"from":"@body('Filter_array')","format":"HTML","columns":[{"header":"Action","value":""},{"header":"Status","value":""},{"header":"Error_Message","value":""}]}},"Apply_to_each_4":{"foreach":"@outputs('Get_items')?['body/value']","actions":{"Send_an_email_(V2)_5":{"runAfter":{},"metadata":{"operationMetadataId":"9662fc54-e0f6-4f66-944c-ffe749e9c436"},"type":"OpenApiConnection","inputs":{"host":{"apiId":"/providers/Microsoft.PowerApps/apis/shared_office365","connectionName":"shared_office365","operationId":"SendEmailV2"},"parameters":{"emailMessage/To":"prince.panchal@cms-induslaw.com","emailMessage/Subject":"Error in 'LMS Approval Tracker' for @{items('Apply_to_each_4')?['ID']}","emailMessage/Body":"<p>&lt;style&gt;<br>\ntable,td,th{<br>\nborder:1px solid #ddd;<br>\ntext-align:left;}<br>\n<br>\ntable{<br>\nborder-collapse:collapse;<br>\nwidth:100%;}<br>\n<br>\nth,td{<br>\npadding:15px;}<br>\n<br>\n&lt;/style&gt;<br>\n&lt;p&gt;@{body('Create_HTML_table')}&lt;/p&gt;<br>\n&lt;br&gt;<br>\n&lt;a href='@{concat('https://make.powerautomate.com/environments/' ,workflow()?['tags']['environmentName'],'/flows/',workflow()?['name'],'/runs/',workflow()?['run']['name'])}'&gt; &nbsp;&nbsp;&nbsp;&nbsp;&nbsp;😕 Check flow run &lt;/a&gt;<br>\n</p>","emailMessage/Importance":"Normal"},"authentication":"@parameters('$authentication')"}}},"runAfter":{"Create_HTML_table":["Succeeded"]},"metadata":{"operationMetadataId":"c87b6fdf-8178-43ce-bc18-4a8f2891419d"},"type":"Foreach"}},"runAfter":{"Try":["Failed"]},"metadata":{"operationMetadataId":"b99a5f3b-69ee-4b5c-b8e1-63d92878abde"},"type":"Scope"}}},"connectionReferences":{"shared_sharepointonline":{"connectionName":"shared-sharepointonl-93bc38e9-e6cc-45bb-841c-3c3672fd76b1","source":"Embedded","id":"/providers/Microsoft.PowerApps/apis/shared_sharepointonline","tier":"NotSpecified","apiName":"sharepointonline","isProcessSimpleApiReferenceConversionAlreadyDone":false},"shared_approvals":{"connectionName":"shared-approvals-88d1f7e1-448f-4e2a-a1ca-7389ecf7412e","source":"Embedded","id":"/providers/Microsoft.PowerApps/apis/shared_approvals","tier":"NotSpecified","apiName":"approvals","isProcessSimpleApiReferenceConversionAlreadyDone":false},"shared_office365":{"connectionName":"shared-office365-f84e273d-fea7-4a3d-a776-7c1e1bd20600","source":"Embedded","id":"/providers/Microsoft.PowerApps/apis/shared_office365","tier":"NotSpecified","apiName":"office365","isProcessSimpleApiReferenceConversionAlreadyDone":false},"shared_commondataserviceforapps":{"connectionName":"shared-commondataser-64a18a9b-4ad8-4834-b8a3-c16409044007","source":"Embedded","id":"/providers/Microsoft.PowerApps/apis/shared_commondataserviceforapps","tier":"NotSpecified","apiName":"commondataserviceforapps","isProcessSimpleApiReferenceConversionAlreadyDone":false}},"flowFailureAlertSubscribed":false,"isManaged":false}}