{"name":"c8f86251-d45f-4433-a5bc-52e600056cdf","id":"/providers/Microsoft.Flow/flows/c8f86251-d45f-4433-a5bc-52e600056cdf","type":"Microsoft.Flow/flows","properties":{"apiId":"/providers/Microsoft.PowerApps/apis/shared_logicflows","displayName":"MainLMSFlow","definition":{"metadata":{"workflowEntityId":null,"processAdvisorMetadata":null,"flowChargedByPaygo":null,"flowclientsuspensionreason":"None","flowclientsuspensiontime":null,"flowclientsuspensionreasondetails":"","creator":{"id":"bf668f67-af79-49f0-bed7-6a95d75d788b","type":"User","tenantId":"fbb6f8eb-6233-4b2e-9ac3-bcad8d47ffda"},"provisioningMethod":"FromDefinition","failureAlertSubscription":true,"clientLastModifiedTime":"2025-09-30T11:48:37.6452074Z","connectionKeySavedTimeKey":"2025-09-30T11:28:13.6916693Z","creationSource":null},"$schema":"https://schema.management.azure.com/providers/Microsoft.Logic/schemas/2016-06-01/workflowdefinition.json#","contentVersion":"1.0.0.0","parameters":{"$connections":{"defaultValue":{},"type":"Object"},"$authentication":{"defaultValue":{},"type":"SecureObject"}},"triggers":{"When_an_item_is_created":{"recurrence":{"frequency":"Minute","interval":5},"splitOn":"@triggerOutputs()?['body/value']","metadata":{"operationMetadataId":"3007a59a-4baa-4992-842c-c2f825d417c8"},"type":"OpenApiConnection","inputs":{"host":{"apiId":"/providers/Microsoft.PowerApps/apis/shared_sharepointonline","connectionName":"shared_sharepointonline","operationId":"GetOnNewItems"},"parameters":{"dataset":"https://induslaw2.sharepoint.com/sites/LMS","table":"6d63afec-e335-4594-8b9e-21a046a33a25"},"authentication":"@parameters('$authentication')"}}},"actions":{"Try":{"actions":{"FromDateNew":{"runAfter":{},"metadata":{"operationMetadataId":"d7a5e039-ed7f-45b8-bf2c-3ec04ed5ae24"},"type":"Compose","inputs":"@formatDateTime(triggerOutputs()?['body/FromDate'], 'dd/MM/yyyy')"},"ToDateNew":{"runAfter":{"FromDateNew":["Succeeded"]},"metadata":{"operationMetadataId":"e166120b-f67b-4a2d-8c1f-7d9db12837b0"},"type":"Compose","inputs":"@formatDateTime(triggerOutputs()?['body/ToDays'], 'dd/MM/yyyy')"},"Create_an_approval":{"runAfter":{"ToDateNew":["Succeeded"]},"metadata":{"operationMetadataId":"08cdb410-761e-4b02-b9ce-3760c48ea68e"},"type":"OpenApiConnection","inputs":{"host":{"apiId":"/providers/Microsoft.PowerApps/apis/shared_approvals","connectionName":"shared_approvals","operationId":"CreateAnApproval"},"parameters":{"approvalType":"CustomResponse","ApprovalCreationInput/responseOptions":["Approve","Reject"],"ApprovalCreationInput/title":"Leave Request Submitted -@{triggerOutputs()?['body/RequestedBy/DisplayName']} New","ApprovalCreationInput/assignedTo":"testing1@induslaw.com;","ApprovalCreationInput/details":"Dear @{triggerOutputs()?['body/ReportingManager_1/DisplayName']},\n\n@{triggerOutputs()?['body/RequestedBy/DisplayName']} has applied for leave with the details mentioned below and is now pending your approval.\n\nLeave Details : \n• Employee Name: @{triggerOutputs()?['body/RequestedBy/DisplayName']}\n• Leave Type: @{triggerOutputs()?['body/LeaveType']}\n• Start Date:   @{outputs('FromDateNew')}\n• End Date:    @{outputs('ToDateNew')}\n• Total Days:  @{triggerOutputs()?['body/TotalDays']}\n\nPlease review and approve the leave request at your earliest convenience.\n\nRegards,\nLeave Management System","ApprovalCreationInput/requestor":"@{triggerOutputs()?['body/RequestedBy/Email']};","ApprovalCreationInput/enableNotifications":true,"ApprovalCreationInput/enableReassignment":true},"authentication":"@parameters('$authentication')"}},"Send_an_email_(V2)":{"runAfter":{"Condition":["Succeeded"]},"metadata":{"operationMetadataId":"c81202dd-406a-4bae-b033-3ef21e925edd"},"type":"OpenApiConnection","inputs":{"host":{"apiId":"/providers/Microsoft.PowerApps/apis/shared_office365","connectionName":"shared_office365","operationId":"SendEmailV2"},"parameters":{"emailMessage/To":"prince.panchal@cms-induslaw.com","emailMessage/Subject":"Leave Request Submitted New","emailMessage/Body":"<p>Dear @{triggerOutputs()?['body/RequestedBy/DisplayName']},<br>\n<br>\nYour leave request has been successfully submitted and is now pending approval.<br>\n<br>\nDetails of Your Leave Request:<br>\n<br>\n• Leave Type: &nbsp;@{triggerOutputs()?['body/LeaveType']}<br>\n• Start Date: &nbsp; @{outputs('FromDateNew')}<br>\n• End Date: &nbsp;&nbsp;&nbsp;@{outputs('ToDateNew')}<br>\n• Total Days: &nbsp;&nbsp;@{triggerOutputs()?['body/TotalDays']}<br>\n<br>\nYour manager has been notified and will review your request shortly.<br>\n<br>\nRegards,<br>\nLeave Management System</p>","emailMessage/From":"leave.managemen@cms-induslaw.com","emailMessage/Importance":"Normal"},"authentication":"@parameters('$authentication')"}},"Condition":{"actions":{"Update_item":{"runAfter":{},"metadata":{"operationMetadataId":"d3165fb6-b5a7-44c9-bb78-c14df324474f"},"type":"OpenApiConnection","inputs":{"host":{"apiId":"/providers/Microsoft.PowerApps/apis/shared_sharepointonline","connectionName":"shared_sharepointonline","operationId":"PatchItem"},"parameters":{"dataset":"https://induslaw2.sharepoint.com/sites/LMS","table":"6d63afec-e335-4594-8b9e-21a046a33a25","id":"@triggerOutputs()?['body/ID']","item/LeaveStatus/Value":"Pending","item/Manager1Response/Value":"Pending","item/ApprovalID":"@outputs('Create_an_approval')?['body/name']","item/EmailTime":"@outputs('Create_an_approval')?['body/requestDate']","item/LeaveStage/Value":"Stage1"},"authentication":"@parameters('$authentication')"}}},"runAfter":{"Create_an_approval":["Succeeded"]},"else":{"actions":{"Update_item_2":{"runAfter":{},"metadata":{"operationMetadataId":"817f121b-3d61-4cdd-baee-7e91095dcbe3"},"type":"OpenApiConnection","inputs":{"host":{"apiId":"/providers/Microsoft.PowerApps/apis/shared_sharepointonline","connectionName":"shared_sharepointonline","operationId":"PatchItem"},"parameters":{"dataset":"https://induslaw2.sharepoint.com/sites/LMS","table":"6d63afec-e335-4594-8b9e-21a046a33a25","id":"@triggerOutputs()?['body/ID']","item/LeaveStatus/Value":"Pending","item/Manager1Response/Value":"Pending","item/Manager2Response/Value":"Pending","item/ApprovalID":"@outputs('Create_an_approval')?['body/name']","item/EmailTime":"@outputs('Create_an_approval')?['body/requestDate']","item/LeaveStage/Value":"Stage1"},"authentication":"@parameters('$authentication')"}}}},"expression":{"equals":["@empty(variables('Manager2'))",true]},"metadata":{"operationMetadataId":"2ed3562c-a039-47f6-bf1f-4d8a13e11adf"},"type":"If"}},"runAfter":{"Manager2":["Succeeded"]},"metadata":{"operationMetadataId":"2af725ad-964f-42d8-874d-3a8f0c4703a6"},"type":"Scope"},"Manager2":{"runAfter":{},"metadata":{"operationMetadataId":"a27871c5-6334-414b-9fce-a2fbeb906278"},"type":"InitializeVariable","inputs":{"variables":[{"name":"Manager2","type":"string","value":"@triggerOutputs()?['body/ReportingManager_2/Email']"}]}},"Catch":{"actions":{"Filter_array":{"runAfter":{},"metadata":{"operationMetadataId":"b6ace6ad-dec7-4951-bb94-037547a23d5c"},"type":"Query","inputs":{"from":"@result('Try')","where":"@equals(item()?['Status'], 'Failed')"}},"Create_HTML_table":{"runAfter":{"Filter_array":["Succeeded"]},"metadata":{"operationMetadataId":"0562d9a8-7472-40bd-b7a3-90c9da54b42f"},"type":"Table","inputs":{"from":"@body('Filter_array')","format":"HTML","columns":[{"header":"Action","value":"@item()?['name']"},{"header":"Status","value":"@item()?['Status']"},{"header":"Error_Message","value":"@item()?['body']?['error']?['message']"}]}},"Send_an_email_(V2)_2":{"runAfter":{"Create_HTML_table":["Succeeded"]},"metadata":{"operationMetadataId":"e431fa78-d9c4-4d60-864e-1b0f621c87cd"},"type":"OpenApiConnection","inputs":{"host":{"apiId":"/providers/Microsoft.PowerApps/apis/shared_office365","connectionName":"shared_office365","operationId":"SendEmailV2"},"parameters":{"emailMessage/To":"prince.panchal@cms-induslaw.com","emailMessage/Subject":"Error in 'LMS Main Flow' for @{triggerOutputs()?['body/ID']}","emailMessage/Body":"<p>&lt;style&gt;<br>\ntable,td,th{<br>\nborder:1px solid #ddd;<br>\ntext-align:left;}<br>\n<br>\ntable{<br>\nborder-collapse:collapse;<br>\nwidth:100%;}<br>\n<br>\nth,td{<br>\npadding:15px;}<br>\n<br>\n&lt;/style&gt;<br>\n&lt;p&gt;@{body('Create_HTML_table')}&lt;/p&gt;<br>\n&lt;br&gt;<br>\n&lt;a href='@{concat('https://make.powerautomate.com/environments/' ,workflow()?['tags']['environmentName'],'/flows/',workflow()?['name'],'/runs/',workflow()?['run']['name'])}'&gt; &nbsp;&nbsp;&nbsp;&nbsp;&nbsp;😕 Check flow run &lt;/a&gt;</p>","emailMessage/Importance":"Normal"},"authentication":"@parameters('$authentication')"}}},"runAfter":{"Try":["Failed"]},"metadata":{"operationMetadataId":"a2cffd46-7e94-478f-a2cc-a67ff51204cd"},"type":"Scope"}}},"connectionReferences":{"shared_approvals":{"connectionName":"shared-approvals-88d1f7e1-448f-4e2a-a1ca-7389ecf7412e","source":"Embedded","id":"/providers/Microsoft.PowerApps/apis/shared_approvals","tier":"NotSpecified","apiName":"approvals","isProcessSimpleApiReferenceConversionAlreadyDone":false},"shared_office365":{"connectionName":"shared-office365-f84e273d-fea7-4a3d-a776-7c1e1bd20600","source":"Embedded","id":"/providers/Microsoft.PowerApps/apis/shared_office365","tier":"NotSpecified","apiName":"office365","isProcessSimpleApiReferenceConversionAlreadyDone":false},"shared_sharepointonline":{"connectionName":"shared-sharepointonl-93bc38e9-e6cc-45bb-841c-3c3672fd76b1","source":"Embedded","id":"/providers/Microsoft.PowerApps/apis/shared_sharepointonline","tier":"NotSpecified","apiName":"sharepointonline","isProcessSimpleApiReferenceConversionAlreadyDone":false}},"flowFailureAlertSubscribed":false,"isManaged":false}}